"",,,,1,2,3
"",,,,11,12,13
"",,,,Rejab,Rejab,Rejab
4,5,6,7,8,9,10
14,15,16,17,18,19,20
Rejab,Rejab,Rejab,Rejab,Rejab,Rejab,Rejab
11,12,13,14,15,16,17
21,22,23,24,25,26,27
Rejab,Rejab,Rejab,Rejab,Rejab,Rejab,Rejab
18,19,20,21,22,23,24
28,29,1,2,3,4,5
Rejab,Rejab,Syaaban,Syaaban,Syaaban,Syaaban,Syaaban
25,26,27,28,29,30,31
6,7,8,9,10,11,12
Syaaban,Syaaban,Syaaban,Syaaban,Syaaban,Syaaban,Syaaban
1,2,3,4,5,6,7
13,14,15,16,17,18,19
Syaaban,Syaaban,Syaaban,Syaaban,Syaaban,Syaaban,Syaaban
8,9,10,11,12,13,14
20,21,22,23,24,25,26
Syaaban,Syaaban,Syaaban,Syaaban,Syaaban,Syaaban,Syaaban
15,16,17,18,19,20,21
27,28,29,30,1,2,3
Syaaban,Syaaban,Syaaban,Syaaban,Ramadan,Ramadan,Ramadan
22,23,24,25,26,27,28
4,5,6,7,8,9,10
Ramadan,Ramadan,Ramadan,Ramadan,Ramadan,Ramadan,Ramadan
1,2,3,4,5,6,7
11,12,13,14,15,16,17
Ramadan,Ramadan,Ramadan,Ramadan,Ramadan,Ramadan,Ramadan
8,9,10,11,12,13,14
18,19,20,21,22,23,24
Ramadan,Ramadan,Ramadan,Ramadan,Ramadan,Ramadan,Ramadan
15,16,17,18,19,20,21
25,26,27,28,29,30,1
Ramadan,Ramadan,Ramadan,Ramadan,Ramadan,Ramadan,Syawal
22,23,24,25,26,27,28
2,3,4,5,6,7,8
Syawal,Syawal,Syawal,Syawal,Syawal,Syawal,Syawal
29,30,31,,,,
9,10,11,,,,
Syawal,Syawal,Syawal,,,,
"",,,1,2,3,4
"",,,12,13,14,15
"",,,Syawal,Syawal,Syawal,Syawal
5,6,7,8,9,10,11
16,17,18,19,20,21,22
Syawal,Syawal,Syawal,Syawal,Syawal,Syawal,Syawal
12,13,14,15,16,17,18
23,24,25,26,27,28,29
Syawal,Syawal,Syawal,Syawal,Syawal,Syawal,Syawal
19,20,21,22,23,24,25
1,2,3,4,5,6,7
Zulkaedah,Zulkaedah,Zulkaedah,Zulkaedah,Zulkaedah,Zulkaedah,Zulkaedah
26,27,28,29,30,,
8,9,10,11,12,,
Zulkaedah,Zulkaedah,Zulkaedah,Zulkaedah,Zulkaedah,,
"",,,,,1,2
"",,,,,13,14
"",,,,,Zulkaedah,Zulkaedah
3,4,5,6,7,8,9
15,16,17,18,19,20,21
Zulkaedah,Zulkaedah,Zulkaedah,Zulkaedah,Zulkaedah,Zulkaedah,Zulkaedah
10,11,12,13,14,15,16
22,23,24,25,26,27,28
Zulkaedah,Zulkaedah,Zulkaedah,Zulkaedah,Zulkaedah,Zulkaedah,Zulkaedah
17,18,19,20,21,22,23
29,1,2,3,4,5,6
Zulkaedah,Zulhijjah,Zulhijjah,Zulhijjah,Zulhijjah,Zulhijjah,Zulhijjah
24,25,26,27,28,29,30
7,8,9,10,11,12,13
Zulhijjah,Zulhijjah,Zulhijjah,Zulhijjah,Zulhijjah,Zulhijjah,Zulhijjah
31,,,,,,
14,,,,,,
Zulhijjah,,,,,,
"",1,2,3,4,5,6
"",15,16,17,18,19,20
"",Zulhijjah,Zulhijjah,Zulhijjah,Zulhijjah,Zulhijjah,Zulhijjah
7,8,9,10,11,12,13
21,22,23,24,25,26,27
Zulhijjah,Zulhijjah,Zulhijjah,Zulhijjah,Zulhijjah,Zulhijjah,Zulhijjah
14,15,16,17,18,19,20
28,29,30,1,2,3,4
Zulhijjah,Zulhijjah,Zulhijjah,Muharram,Muharram,Muharram,Muharram
21,22,23,24,25,26,27
5,6,7,8,9,10,11
Muharram,Muharram,Muharram,Muharram,Muharram,Muharram,Muharram
28,29,30,,,,
12,13,14,,,,
Muharram,Muharram,Muharram,,,,
"",,,1,2,3,4
"",,,15,16,17,18
"",,,Muharram,Muharram,Muharram,Muharram
5,6,7,8,9,10,11
19,20,21,22,23,24,25
Muharram,Muharram,Muharram,Muharram,Muharram,Muharram,Muharram
12,13,14,15,16,17,18
26,27,28,29,1,2,3
Muharram,Muharram,Muharram,Muharram,Safar,Safar,Safar
19,20,21,22,23,24,25
4,5,6,7,8,9,10
Safar,Safar,Safar,Safar,Safar,Safar,Safar
26,27,28,29,30,31,
11,12,13,14,15,16,
Safar,Safar,Safar,Safar,Safar,Safar,
"",,,,,,1
"",,,,,,17
"",,,,,,Safar
2,3,4,5,6,7,8
18,19,20,21,22,23,24
Safar,Safar,Safar,Safar,Safar,Safar,Safar
9,10,11,12,13,14,15
25,26,27,28,29,1,2
Safar,Safar,Safar,Safar,Safar,Rabiulawal,Rabiulawal
16,17,18,19,20,21,22
3,4,5,6,7,8,9
Rabiulawal,Rabiulawal,Rabiulawal,Rabiulawal,Rabiulawal,Rabiulawal,Rabiulawal
23,24,25,26,27,28,29
10,11,12,13,14,15,16
Rabiulawal,Rabiulawal,Rabiulawal,Rabiulawal,Rabiulawal,Rabiulawal,Rabiulawal
30,31,,,,,
17,18,,,,,
Rabiulawal,Rabiulawal,,,,,
"",,1,2,3,4,5
"",,19,20,21,22,23
"",,Rabiulawal,Rabiulawal,Rabiulawal,Rabiulawal,Rabiulawal
6,7,8,9,10,11,12
24,25,26,27,28,29,30
Rabiulawal,Rabiulawal,Rabiulawal,Rabiulawal,Rabiulawal,Rabiulawal,Rabiulawal
13,14,15,16,17,18,19
1,2,3,4,5,6,7
Rabiulakhir,Rabiulakhir,Rabiulakhir,Rabiulakhir,Rabiulakhir,Rabiulakhir,Rabiulakhir
20,21,22,23,24,25,26
8,9,10,11,12,13,14
Rabiulakhir,Rabiulakhir,Rabiulakhir,Rabiulakhir,Rabiulakhir,Rabiulakhir,Rabiulakhir
27,28,29,30,,,
15,16,17,18,,,
Rabiulakhir,Rabiulakhir,Rabiulakhir,Rabiulakhir,,,
"",,,,1,2,3
"",,,,19,20,21
"",,,,Rabiulakhir,Rabiulakhir,Rabiulakhir
4,5,6,7,8,9,10
22,23,24,25,26,27,28
Rabiulakhir,Rabiulakhir,Rabiulakhir,Rabiulakhir,Rabiulakhir,Rabiulakhir,Rabiulakhir
11,12,13,14,15,16,17
29,1,2,3,4,5,6
Rabiulakhir,Jamadilawal,Jamadilawal,Jamadilawal,Jamadilawal,Jamadilawal,Jamadilawal
18,19,20,21,22,23,24
7,8,9,10,11,12,13
Jamadilawal,Jamadilawal,Jamadilawal,Jamadilawal,Jamadilawal,Jamadilawal,Jamadilawal
25,26,27,28,29,30,31
14,15,16,17,18,19,20
Jamadilawal,Jamadilawal,Jamadilawal,Jamadilawal,Jamadilawal,Jamadilawal,Jamadilawal
1,2,3,4,5,6,7
21,22,23,24,25,26,27
Jamadilawal,Jamadilawal,Jamadilawal,Jamadilawal,Jamadilawal,Jamadilawal,Jamadilawal
8,9,10,11,12,13,14
28,29,30,1,2,3,4
Jamadilawal,Jamadilawal,Jamadilawal,Jamadilakhir,Jamadilakhir,Jamadilakhir,Jamadilakhir
15,16,17,18,19,20,21
5,6,7,8,9,10,11
Jamadilakhir,Jamadilakhir,Jamadilakhir,Jamadilakhir,Jamadilakhir,Jamadilakhir,Jamadilakhir
22,23,24,25,26,27,28
12,13,14,15,16,17,18
Jamadilakhir,Jamadilakhir,Jamadilakhir,Jamadilakhir,Jamadilakhir,Jamadilakhir,Jamadilakhir
29,30,,,,,
19,20,,,,,
Jamadilakhir,Jamadilakhir,,,,,
"",,1,2,3,4,5
"",,21,22,23,24,25
"",,Jamadilakhir,Jamadilakhir,Jamadilakhir,Jamadilakhir,Jamadilakhir
6,7,8,9,10,11,12
26,27,28,29,30,1,2
Jamadilakhir,Jamadilakhir,Jamadilakhir,Jamadilakhir,Jamadilakhir,Rejab,Rejab
13,14,15,16,17,18,19
3,4,5,6,7,8,9
Rejab,Rejab,Rejab,Rejab,Rejab,Rejab,Rejab
20,21,22,23,24,25,26
10,11,12,13,14,15,16
Rejab,Rejab,Rejab,Rejab,Rejab,Rejab,Rejab
27,28,29,30,31,,
17,18,19,20,21,,
Rejab,Rejab,Rejab,Rejab,Rejab,,
